Site,Elevation,Replicate,Plot,Connectivity,Configuration,Pattern,Area,Week,Connectance_Pattern
1_1_4 ,1,1,4,Low connectivity,Dispersal,Regular,0.0806313,0,Low connectivity_Regular
1_1_5 ,1,1,5,Low connectivity,Dispersal,Random,0.0592309,0,Low connectivity_Random
1_1_6,1,1,6,Low connectivity,Cluster,Clumped,0.0126253,0,Low connectivity_Clumped
1_1_7 ,1,1,7,No connectivity,Dispersal,Regular,0.0962809,0,No connectivity_Regular
1_1_8 ,1,1,8,No connectivity,Dispersal,Random,0.0809743,0,No connectivity_Random
1_1_9 ,1,1,9,No connectivity,Cluster,Clumped,0.0214774,0,No connectivity_Clumped
1_2_4 ,1,2,4,Low connectivity,Dispersal,Regular,0.0831655,0,Low connectivity_Regular
1_2_5 ,1,2,5,Low connectivity,Dispersal,Random,0.0701096,0,Low connectivity_Random
1_2_6 ,1,2,6,Low connectivity,Cluster,Clumped,0.0112357,0,Low connectivity_Clumped
1_2_7,1,2,7,No connectivity,Dispersal,Regular,0.0747649,0,No connectivity_Regular
1_2_8 ,1,2,8,No connectivity,Dispersal,Random,0.0342533,0,No connectivity_Random
1_2_9 ,1,2,9,No connectivity,Cluster,Clumped,0.0092021,0,No connectivity_Clumped
1_3_4 ,1,3,4,Low connectivity,Dispersal,Regular,0.0334351,0,Low connectivity_Regular
1_3_5,1,3,5,Low connectivity,Dispersal,Random,0.1319338,0,Low connectivity_Random
1_3_6,1,3,6,Low connectivity,Cluster,Clumped,0.0180696,0,Low connectivity_Clumped
1_3_7 ,1,3,7,No connectivity,Dispersal,Regular,0.1052287,0,No connectivity_Regular
1_3_8,1,3,8,No connectivity,Dispersal,Random,0.0927491,0,No connectivity_Random
1_3_9 ,1,3,9,No connectivity,Cluster,Clumped,0.0277129,0,No connectivity_Clumped
1_4_4,1,4,4,Low connectivity,Dispersal,Regular,0.096059,0,Low connectivity_Regular
1_4_5 ,1,4,5,Low connectivity,Dispersal,Random,0.0265564,0,Low connectivity_Random
1_4_6,1,4,6,Low connectivity,Cluster,Clumped,0.0268923,0,Low connectivity_Clumped
1_4_7 ,1,4,7,No connectivity,Dispersal,Regular,0.0796912,0,No connectivity_Regular
1_4_8 ,1,4,8,No connectivity,Dispersal,Random,0.0691667,0,No connectivity_Random
1_4_9,1,4,9,No connectivity,Cluster,Clumped,0.0312652,0,No connectivity_Clumped
2_1_4,2,1,4,Low connectivity,Dispersal,Regular,0.1091516,0,Low connectivity_Regular
2_1_5,2,1,5,Low connectivity,Dispersal,Random,0.0758292,0,Low connectivity_Random
2_1_6,2,1,6,Low connectivity,Cluster,Clumped,0.019481,0,Low connectivity_Clumped
2_1_7 ,2,1,7,No connectivity,Dispersal,Regular,0.1200306,0,No connectivity_Regular
2_1_8 ,2,1,8,No connectivity,Dispersal,Random,0.076666,0,No connectivity_Random
2_1_9 ,2,1,9,No connectivity,Cluster,Clumped,0.0251798,0,No connectivity_Clumped
2_2_4,2,2,4,Low connectivity,Dispersal,Regular,0.0902349,0,Low connectivity_Regular
2_2_5,2,2,5,Low connectivity,Dispersal,Random,0.1176242,0,Low connectivity_Random
2_2_6 ,2,2,6,Low connectivity,Cluster,Clumped,0.0144603,0,Low connectivity_Clumped
2_2_7 ,2,2,7,No connectivity,Dispersal,Regular,0.1073805,0,No connectivity_Regular
2_2_8,2,2,8,No connectivity,Dispersal,Random,0.0890918,0,No connectivity_Random
2_2_9,2,2,9,No connectivity,Cluster,Clumped,0.0158854,0,No connectivity_Clumped
2_3_4 ,2,3,4,Low connectivity,Dispersal,Regular,0.0898777,0,Low connectivity_Regular
2_3_5 ,2,3,5,Low connectivity,Dispersal,Random,0.1561313,0,Low connectivity_Random
2_3_6 ,2,3,6,Low connectivity,Cluster,Clumped,0.020597,0,Low connectivity_Clumped
2_3_7 ,2,3,7,No connectivity,Dispersal,Regular,0.1098366,0,No connectivity_Regular
2_3_8,2,3,8,No connectivity,Dispersal,Random,0.0980321,0,No connectivity_Random
2_3_9 ,2,3,9,No connectivity,Cluster,Clumped,0.0360312,0,No connectivity_Clumped
2_4_4 ,2,4,4,Low connectivity,Dispersal,Regular,0.1063397,0,Low connectivity_Regular
2_4_5 ,2,4,5,Low connectivity,Dispersal,Random,0.0727408,0,Low connectivity_Random
2_4_6 ,2,4,6,Low connectivity,Cluster,Clumped,0.0158757,0,Low connectivity_Clumped
2_4_7 ,2,4,7,No connectivity,Dispersal,Regular,0.0984084,0,No connectivity_Regular
2_4_8 ,2,4,8,No connectivity,Dispersal,Random,0.0578267,0,No connectivity_Random
2_4_9 ,2,4,9,No connectivity,Cluster,Clumped,0.031708,0,No connectivity_Clumped
1_1_1,1,1,1,High connectivity,Dispersal,Regular,0.130537,2,High connectivity_Regular
1_1_2,1,1,2,High connectivity,Dispersal,Random,0.1627701,2,High connectivity_Random
1_1_3,1,1,3,High connectivity,Cluster,Clumped,0.0270505,2,High connectivity_Clumped
1_1_4 ,1,1,4,Low connectivity,Dispersal,Regular,0.1671747,2,Low connectivity_Regular
1_1_5,1,1,5,Low connectivity,Dispersal,Random,0.110471,2,Low connectivity_Random
1_1_6,1,1,6,Low connectivity,Cluster,Clumped,0.0385959,2,Low connectivity_Clumped
1_1_7 ,1,1,7,No connectivity,Dispersal,Regular,0.1374103,2,No connectivity_Regular
1_1_8 ,1,1,8,No connectivity,Dispersal,Random,0.1294019,2,No connectivity_Random
1_1_9,1,1,9,No connectivity,Cluster,Clumped,0.0253493,2,No connectivity_Clumped
1_2_1 ,1,2,1,High connectivity,Dispersal,Regular,0.0673346,2,High connectivity_Regular
1_2_2,1,2,2,High connectivity,Dispersal,Random,0.0625393,2,High connectivity_Random
1_2_3 ,1,2,3,High connectivity,Cluster,Clumped,0.0160136,2,High connectivity_Clumped
1_2_4 ,1,2,4,Low connectivity,Dispersal,Regular,0.119872,2,Low connectivity_Regular
1_2_5 ,1,2,5,Low connectivity,Dispersal,Random,0.100041,2,Low connectivity_Random
1_2_6 ,1,2,6,Low connectivity,Cluster,Clumped,0.037354,2,Low connectivity_Clumped
1_2_7 ,1,2,7,No connectivity,Dispersal,Regular,0.1207033,2,No connectivity_Regular
1_2_8 ,1,2,8,No connectivity,Dispersal,Random,0.0811299,2,No connectivity_Random
1_2_9 ,1,2,9,No connectivity,Cluster,Clumped,0.037004,2,No connectivity_Clumped
1_3_4,1,3,4,Low connectivity,Dispersal,Regular,0.1882109,2,Low connectivity_Regular
1_3_5 ,1,3,5,Low connectivity,Dispersal,Random,0.1462887,2,Low connectivity_Random
1_3_6,1,3,6,Low connectivity,Cluster,Clumped,0.0404767,2,Low connectivity_Clumped
1_3_7 ,1,3,7,No connectivity,Dispersal,Regular,0.1273769,2,No connectivity_Regular
1_3_8 ,1,3,8,No connectivity,Dispersal,Random,0.1263933,2,No connectivity_Random
1_3_9 ,1,3,9,No connectivity,Cluster,Clumped,0.0239311,2,No connectivity_Clumped
1_4_1,1,4,1,High connectivity,Dispersal,Regular,0.1475767,2,High connectivity_Regular
1_4_2,1,4,2,High connectivity,Dispersal,Random,0.0368503,2,High connectivity_Random
1_4_3,1,4,3,High connectivity,Cluster,Clumped,0.0186702,2,High connectivity_Clumped
1_4_4,1,4,4,Low connectivity,Dispersal,Regular,0.1258788,2,Low connectivity_Regular
1_4_5,1,4,5,Low connectivity,Dispersal,Random,0.2156282,2,Low connectivity_Random
1_4_6,1,4,6,Low connectivity,Cluster,Clumped,0.0390451,2,Low connectivity_Clumped
1_4_7,1,4,7,No connectivity,Dispersal,Regular,0.1614776,2,No connectivity_Regular
1_4_8,1,4,8,No connectivity,Dispersal,Random,0.1126234,2,No connectivity_Random
1_4_9,1,4,9,No connectivity,Cluster,Clumped,0.0506366,2,No connectivity_Clumped
1_5_1 ,1,5,1,High connectivity,Dispersal,Regular,0.0700033,2,High connectivity_Regular
1_5_2,1,5,2,High connectivity,Dispersal,Random,0.1438788,2,High connectivity_Random
1_5_3,1,5,3,High connectivity,Cluster,Clumped,0.0349433,2,High connectivity_Clumped
1_1_1 ,1,1,1,High connectivity,Dispersal,Regular,0.1879204,5,High connectivity_Regular
1_1_2,1,1,2,High connectivity,Dispersal,Random,0.3011179,5,High connectivity_Random
1_1_3 ,1,1,3,High connectivity,Cluster,Clumped,0.0122228,5,High connectivity_Clumped
1_1_4 ,1,1,4,Low connectivity,Dispersal,Regular,0.3171629,5,Low connectivity_Regular
1_1_5 ,1,1,5,Low connectivity,Dispersal,Random,0.3074463,5,Low connectivity_Random
1_1_6 ,1,1,6,Low connectivity,Cluster,Clumped,0.1396032,5,Low connectivity_Clumped
1_1_7 ,1,1,7,No connectivity,Dispersal,Regular,0.3055702,5,No connectivity_Regular
1_1_8 ,1,1,8,No connectivity,Dispersal,Random,0.2953075,5,No connectivity_Random
1_1_9 ,1,1,9,No connectivity,Cluster,Clumped,0.0869457,5,No connectivity_Clumped
1_2_1 ,1,2,1,High connectivity,Dispersal,Regular,0.1163057,5,High connectivity_Regular
1_2_2 ,1,2,2,High connectivity,Dispersal,Random,0.1548642,5,High connectivity_Random
1_2_3 ,1,2,3,High connectivity,Cluster,Clumped,0.0561017,5,High connectivity_Clumped
1_2_4 ,1,2,4,Low connectivity,Dispersal,Regular,0.2455342,5,Low connectivity_Regular
1_2_5 ,1,2,5,Low connectivity,Dispersal,Random,0.2341094,5,Low connectivity_Random
1_2_6,1,2,6,Low connectivity,Cluster,Clumped,0.1380211,5,Low connectivity_Clumped
1_2_7 ,1,2,7,No connectivity,Dispersal,Regular,0.2089778,5,No connectivity_Regular
1_2_8 ,1,2,8,No connectivity,Dispersal,Random,0.1936328,5,No connectivity_Random
1_2_9,1,2,9,No connectivity,Cluster,Clumped,0.0853636,5,No connectivity_Clumped
1_3_4 ,1,3,4,Low connectivity,Dispersal,Regular,0.2763923,5,Low connectivity_Regular
1_3_5 ,1,3,5,Low connectivity,Dispersal,Random,0.1415913,5,Low connectivity_Random
1_3_6 ,1,3,6,Low connectivity,Cluster,Clumped,0.1989251,5,Low connectivity_Clumped
1_3_7 ,1,3,7,No connectivity,Dispersal,Regular,0.242524,5,No connectivity_Regular
1_3_8 ,1,3,8,No connectivity,Dispersal,Random,0.2624613,5,No connectivity_Random
1_3_9 ,1,3,9,No connectivity,Cluster,Clumped,0.0236896,5,No connectivity_Clumped
1_4_1,1,4,1,High connectivity,Dispersal,Regular,0.1403453,5,High connectivity_Regular
1_4_2 ,1,4,2,High connectivity,Dispersal,Random,0.0276341,5,High connectivity_Random
1_4_3,1,4,3,High connectivity,Cluster,Clumped,0.0858537,5,High connectivity_Clumped
1_4_4 ,1,4,4,Low connectivity,Dispersal,Regular,0.3707865,5,Low connectivity_Regular
1_4_5 ,1,4,5,Low connectivity,Dispersal,Random,0.1922607,5,Low connectivity_Random
1_4_6 ,1,4,6,Low connectivity,Cluster,Clumped,0.0950103,5,Low connectivity_Clumped
1_4_7 ,1,4,7,No connectivity,Dispersal,Regular,0.2646315,5,No connectivity_Regular
1_4_8 ,1,4,8,No connectivity,Dispersal,Random,0.2069057,5,No connectivity_Random
1_4_9,1,4,9,No connectivity,Cluster,Clumped,0.0631862,5,No connectivity_Clumped
1_5_1 ,1,5,1,High connectivity,Dispersal,Regular,0.1396452,5,High connectivity_Regular
1_5_2 ,1,5,2,High connectivity,Dispersal,Random,0.2301892,5,High connectivity_Random
1_5_3 ,1,5,3,High connectivity,Cluster,Clumped,0.0364444,5,High connectivity_Clumped
1_5_4 ,1,5,4,Low connectivity,Dispersal,Regular,0.2010393,5,Low connectivity_Regular
1_5_5,1,5,5,Low connectivity,Dispersal,Random,0.1905946,5,Low connectivity_Random
1_5_6,1,5,6,Low connectivity,Cluster,Clumped,0.0793712,5,Low connectivity_Clumped
1_5_7 ,1,5,7,No connectivity,Dispersal,Regular,0.1279124,5,No connectivity_Regular
1_5_8 ,1,5,8,No connectivity,Dispersal,Random,0.0246556,5,No connectivity_Random
1_5_9,1,5,9,No connectivity,Cluster,Clumped,0.2332274,5,No connectivity_Clumped
1_6_1 ,1,6,1,High connectivity,Dispersal,Regular,0.0674144,5,High connectivity_Regular
1_6_2,1,6,2,High connectivity,Dispersal,Random,0.1089132,5,High connectivity_Random
1_6_3 ,1,6,3,High connectivity,Cluster,Clumped,0.0478692,5,High connectivity_Clumped
1_6_4,1,6,4,Low connectivity,Dispersal,Regular,0.3265716,5,Low connectivity_Regular
1_6_5,1,6,5,Low connectivity,Dispersal,Random,0.3025121,5,Low connectivity_Random
1_6_6 ,1,6,6,Low connectivity,Cluster,Clumped,0.1505099,5,Low connectivity_Clumped
1_6_7,1,6,7,No connectivity,Dispersal,Regular,0.2664096,5,No connectivity_Regular
1_6_8 ,1,6,8,No connectivity,Dispersal,Random,0.3260115,5,No connectivity_Random
1_6_9,1,6,9,No connectivity,Cluster,Clumped,0.0861197,5,No connectivity_Clumped
2_1_1,2,1,1,High connectivity,Dispersal,Regular,0.0893306,6,High connectivity_Regular
2_1_2,2,1,2,High connectivity,Dispersal,Random,0.1154575,6,High connectivity_Random
2_1_3,2,1,3,High connectivity,Cluster,Clumped,0.0784064,6,High connectivity_Clumped
2_2_1 ,2,2,1,High connectivity,Dispersal,Regular,0.0813828,6,High connectivity_Regular
2_2_2 ,2,2,2,High connectivity,Dispersal,Random,0.175659,6,High connectivity_Random
2_2_3,2,2,3,High connectivity,Cluster,Clumped,0.042773,6,High connectivity_Clumped
2_3_1,2,3,1,High connectivity,Dispersal,Regular,0.2052435,6,High connectivity_Regular
2_3_2 ,2,3,2,High connectivity,Dispersal,Random,0.1536375,6,High connectivity_Random
2_3_3,2,3,3,High connectivity,Cluster,Clumped,0.1114996,6,High connectivity_Clumped
2_5_4 ,2,5,4,Low connectivity,Dispersal,Regular,0.0746602,6,Low connectivity_Regular
2_6_1,2,6,1,High connectivity,Dispersal,Regular,0.0059849,6,High connectivity_Regular
1_1_1,1,1,1,High connectivity,Dispersal,Regular,0.5373229,7,High connectivity_Regular
1_1_2,1,1,2,High connectivity,Dispersal,Random,0.5271133,7,High connectivity_Random
1_1_3,1,1,3,High connectivity,Cluster,Clumped,0.0149028,7,High connectivity_Clumped
1_1_4,1,1,4,Low connectivity,Dispersal,Regular,0.809595,7,Low connectivity_Regular
1_1_5,1,1,5,Low connectivity,Dispersal,Random,0.8939188,7,Low connectivity_Random
1_1_6,1,1,6,Low connectivity,Cluster,Clumped,0.3961949,7,Low connectivity_Clumped
1_1_7,1,1,7,No connectivity,Dispersal,Regular,0.8845794,7,No connectivity_Regular
1_1_8,1,1,8,No connectivity,Dispersal,Random,0.8911585,7,No connectivity_Random
1_1_9,1,1,9,No connectivity,Cluster,Clumped,0.3496228,7,No connectivity_Clumped
1_2_1,1,2,1,High connectivity,Dispersal,Regular,0.455427,7,High connectivity_Regular
1_2_2,1,2,2,High connectivity,Dispersal,Random,0.4033551,7,High connectivity_Random
1_2_3,1,2,3,High connectivity,Cluster,Clumped,0.2313247,7,High connectivity_Clumped
1_2_4,1,2,4,Low connectivity,Dispersal,Regular,0.7981387,7,Low connectivity_Regular
1_2_5,1,2,5,Low connectivity,Dispersal,Random,0.602677,7,Low connectivity_Random
1_2_6,1,2,6,Low connectivity,Cluster,Clumped,0.6184501,7,Low connectivity_Clumped
1_2_7,1,2,7,No connectivity,Dispersal,Regular,0.6805878,7,No connectivity_Regular
1_2_8,1,2,8,No connectivity,Dispersal,Random,0.6643996,7,No connectivity_Random
1_2_9,1,2,9,No connectivity,Cluster,Clumped,0.4295642,7,No connectivity_Clumped
1_3_1,1,3,1,High connectivity,Dispersal,Regular,0.0248634,7,High connectivity_Regular
1_3_2,1,3,2,High connectivity,Dispersal,Random,0.0207125,7,High connectivity_Random
1_3_4,1,3,4,Low connectivity,Dispersal,Regular,0.8353716,7,Low connectivity_Regular
1_3_5,1,3,5,Low connectivity,Dispersal,Random,0.5884605,7,Low connectivity_Random
1_3_6,1,3,6,Low connectivity,Cluster,Clumped,0.7938443,7,Low connectivity_Clumped
1_3_7,1,3,7,No connectivity,Dispersal,Regular,0.7174885,7,No connectivity_Regular
1_3_8,1,3,8,No connectivity,Dispersal,Random,0.8443996,7,No connectivity_Random
1_3_9,1,3,9,No connectivity,Cluster,Clumped,0.1760982,7,No connectivity_Clumped
1_4_1,1,4,1,High connectivity,Dispersal,Regular,0.4010721,7,High connectivity_Regular
1_4_2,1,4,2,High connectivity,Dispersal,Random,0.4425803,7,High connectivity_Random
1_4_3,1,4,3,High connectivity,Cluster,Clumped,0.2842475,7,High connectivity_Clumped
1_4_4,1,4,4,Low connectivity,Dispersal,Regular,0.7705774,7,Low connectivity_Regular
1_4_5,1,4,5,Low connectivity,Dispersal,Random,0.4661776,7,Low connectivity_Random
1_4_6,1,4,6,Low connectivity,Cluster,Clumped,0.4190659,7,Low connectivity_Clumped
1_4_7,1,4,7,No connectivity,Dispersal,Regular,0.583023,7,No connectivity_Regular
1_4_8,1,4,8,No connectivity,Dispersal,Random,0.618118,7,No connectivity_Random
1_4_9,1,4,9,No connectivity,Cluster,Clumped,0.2565616,7,No connectivity_Clumped
1_5_1,1,5,1,High connectivity,Dispersal,Regular,0.285306,7,High connectivity_Regular
1_5_2,1,5,2,High connectivity,Dispersal,Random,0.5086612,7,High connectivity_Random
1_5_3,1,5,3,High connectivity,Cluster,Clumped,0.0951158,7,High connectivity_Clumped
1_5_4,1,5,4,Low connectivity,Dispersal,Regular,0.5590075,7,Low connectivity_Regular
1_5_5,1,5,5,Low connectivity,Dispersal,Random,0.5253628,7,Low connectivity_Random
1_5_6,1,5,6,Low connectivity,Cluster,Clumped,0.1443627,7,Low connectivity_Clumped
1_5_7,1,5,7,No connectivity,Dispersal,Regular,0.1939347,7,No connectivity_Regular
1_5_8,1,5,8,No connectivity,Dispersal,Random,0.1498099,7,No connectivity_Random
1_5_9,1,5,9,No connectivity,Cluster,Clumped,0.3979544,7,No connectivity_Clumped
1_6_1,1,6,1,High connectivity,Dispersal,Regular,0.2958133,7,High connectivity_Regular
1_6_2,1,6,2,High connectivity,Dispersal,Random,0.2945007,7,High connectivity_Random
1_6_3,1,6,3,High connectivity,Cluster,Clumped,0.1032349,7,High connectivity_Clumped
1_6_4,1,6,4,Low connectivity,Dispersal,Regular,0.7129533,7,Low connectivity_Regular
1_6_5,1,6,5,Low connectivity,Dispersal,Random,0.7063685,7,Low connectivity_Random
1_6_6,1,6,6,Low connectivity,Cluster,Clumped,0.3341408,7,Low connectivity_Clumped
1_6_7,1,6,7,No connectivity,Dispersal,Regular,0.9696734,7,No connectivity_Regular
1_6_8,1,6,8,No connectivity,Dispersal,Random,0.3373566,7,No connectivity_Random
1_6_9,1,6,9,No connectivity,Cluster,Clumped,0.3982646,7,No connectivity_Clumped
2_1_1,2,1,1,High connectivity,Dispersal,Regular,0.0225579,7,High connectivity_Regular
2_1_2,2,1,2,High connectivity,Dispersal,Random,0.0104324,7,High connectivity_Random
2_1_3,2,1,3,High connectivity,Cluster,Clumped,0.0382838,7,High connectivity_Clumped
2_1_4,2,1,4,Low connectivity,Dispersal,Regular,0.3006166,7,Low connectivity_Regular
2_1_5 ,2,1,5,Low connectivity,Dispersal,Random,0.4046945,7,Low connectivity_Random
2_1_6 ,2,1,6,Low connectivity,Cluster,Clumped,0.1639459,7,Low connectivity_Clumped
2_1_7,2,1,7,No connectivity,Dispersal,Regular,0.5443801,7,No connectivity_Regular
2_1_8,2,1,8,No connectivity,Dispersal,Random,0.4701818,7,No connectivity_Random
2_1_9,2,1,9,No connectivity,Cluster,Clumped,0.0543001,7,No connectivity_Clumped
2_2_1,2,2,1,High connectivity,Dispersal,Regular,0.0515094,7,High connectivity_Regular
2_2_2 ,2,2,2,High connectivity,Dispersal,Random,0.0488702,7,High connectivity_Random
2_2_3 ,2,2,3,High connectivity,Cluster,Clumped,0.053438,7,High connectivity_Clumped
2_2_4,2,2,4,Low connectivity,Dispersal,Regular,0.2539372,7,Low connectivity_Regular
2_2_5,2,2,5,Low connectivity,Dispersal,Random,0.3386748,7,Low connectivity_Random
2_2_6 ,2,2,6,Low connectivity,Cluster,Clumped,0.1250602,7,Low connectivity_Clumped
2_2_7,2,2,7,No connectivity,Dispersal,Regular,0.6875297,7,No connectivity_Regular
2_2_8,2,2,8,No connectivity,Dispersal,Random,0.6182193,7,No connectivity_Random
2_2_9,2,2,9,No connectivity,Cluster,Clumped,0.4369859,7,No connectivity_Clumped
2_3_1 ,2,3,1,High connectivity,Dispersal,Regular,0.2850063,7,High connectivity_Regular
2_3_2 ,2,3,2,High connectivity,Dispersal,Random,0.106225,7,High connectivity_Random
2_3_3 ,2,3,3,High connectivity,Cluster,Clumped,0.113558,7,High connectivity_Clumped
2_3_4 ,2,3,4,Low connectivity,Dispersal,Regular,0.4357415,7,Low connectivity_Regular
2_3_5 ,2,3,5,Low connectivity,Dispersal,Random,0.6214779,7,Low connectivity_Random
2_3_6,2,3,6,Low connectivity,Cluster,Clumped,0.1983092,7,Low connectivity_Clumped
2_3_7 ,2,3,7,No connectivity,Dispersal,Regular,0.4935119,7,No connectivity_Regular
2_3_8,2,3,8,No connectivity,Dispersal,Random,0.3079165,7,No connectivity_Random
2_3_9 ,2,3,9,No connectivity,Cluster,Clumped,0.2547197,7,No connectivity_Clumped
2_4_1 ,2,4,1,High connectivity,Dispersal,Regular,0.0911138,7,High connectivity_Regular
2_4_2 ,2,4,2,High connectivity,Dispersal,Random,0.2598643,7,High connectivity_Random
2_4_3 ,2,4,3,High connectivity,Cluster,Clumped,0.1635546,7,High connectivity_Clumped
2_4_4,2,4,4,Low connectivity,Dispersal,Regular,0.4835948,7,Low connectivity_Regular
2_4_5,2,4,5,Low connectivity,Dispersal,Random,0.2455275,7,Low connectivity_Random
2_4_6 ,2,4,6,Low connectivity,Cluster,Clumped,0.2214597,7,Low connectivity_Clumped
2_4_7,2,4,7,No connectivity,Dispersal,Regular,0.5662926,7,No connectivity_Regular
2_4_8 ,2,4,8,No connectivity,Dispersal,Random,0.1998808,7,No connectivity_Random
2_4_9 ,2,4,9,No connectivity,Cluster,Clumped,0.0936027,7,No connectivity_Clumped
2_5_1 ,2,5,1,High connectivity,Dispersal,Regular,0.0335294,7,High connectivity_Regular
2_5_2 ,2,5,2,High connectivity,Dispersal,Random,0.0903505,7,High connectivity_Random
2_5_3,2,5,3,High connectivity,Cluster,Clumped,0.1190689,7,High connectivity_Clumped
2_5_5,2,5,5,Low connectivity,Dispersal,Random,0.0624467,7,Low connectivity_Random
2_5_6,2,5,6,Low connectivity,Cluster,Clumped,0.1441118,7,Low connectivity_Clumped
2_5_7 ,2,5,7,No connectivity,Dispersal,Regular,0.2667408,7,No connectivity_Regular
2_5_8 ,2,5,8,No connectivity,Dispersal,Random,0.4611563,7,No connectivity_Random
2_5_9 ,2,5,9,No connectivity,Cluster,Clumped,0.0700481,7,No connectivity_Clumped
2_6_2,2,6,2,High connectivity,Dispersal,Random,0.0352742,7,High connectivity_Random
2_6_3,2,6,3,High connectivity,Cluster,Clumped,0.027551,7,High connectivity_Clumped
2_6_4 ,2,6,4,Low connectivity,Dispersal,Regular,0.2285223,7,Low connectivity_Regular
2_6_5 ,2,6,5,Low connectivity,Dispersal,Random,0.111737,7,Low connectivity_Random
2_6_6 ,2,6,6,Low connectivity,Cluster,Clumped,0.0825952,7,Low connectivity_Clumped
2_6_7,2,6,7,No connectivity,Dispersal,Regular,0.3268718,7,No connectivity_Regular
2_6_8 ,2,6,8,No connectivity,Dispersal,Random,0.243122,7,No connectivity_Random
2_6_9,2,6,9,No connectivity,Cluster,Clumped,0.0743395,7,No connectivity_Clumped
1_3_1,1,3,1,High connectivity,Dispersal,Regular,0.0008452,8,High connectivity_Regular
1_3_2 ,1,3,2,High connectivity,Dispersal,Random,0.0022398,8,High connectivity_Random
1_3_3 ,1,3,3,High connectivity,Cluster,Clumped,0.0054515,8,High connectivity_Clumped
1_3_4,1,3,4,Low connectivity,Dispersal,Regular,0.5699401,8,Low connectivity_Regular
1_3_5 ,1,3,5,Low connectivity,Dispersal,Random,0.4684967,8,Low connectivity_Random
1_3_6 ,1,3,6,Low connectivity,Cluster,Clumped,0.4019101,8,Low connectivity_Clumped
1_3_7 ,1,3,7,No connectivity,Dispersal,Regular,0.4044478,8,No connectivity_Regular
1_3_8 ,1,3,8,No connectivity,Dispersal,Random,0.6221763,8,No connectivity_Random
1_3_9,1,3,9,No connectivity,Cluster,Clumped,0.0650312,8,No connectivity_Clumped
1_4_1 ,1,4,1,High connectivity,Dispersal,Regular,0.261495,8,High connectivity_Regular
1_4_2,1,4,2,High connectivity,Dispersal,Random,0.1639779,8,High connectivity_Random
1_4_3,1,4,3,High connectivity,Cluster,Clumped,0.2125549,8,High connectivity_Clumped
1_4_4 ,1,4,4,Low connectivity,Dispersal,Regular,0.9472998,8,Low connectivity_Regular
1_4_5 ,1,4,5,Low connectivity,Dispersal,Random,0.5185144,8,Low connectivity_Random
1_4_6 ,1,4,6,Low connectivity,Cluster,Clumped,0.2429503,8,Low connectivity_Clumped
1_4_7 ,1,4,7,No connectivity,Dispersal,Regular,0.4434714,8,No connectivity_Regular
1_4_8 ,1,4,8,No connectivity,Dispersal,Random,0.4047261,8,No connectivity_Random
1_4_9,1,4,9,No connectivity,Cluster,Clumped,0.1872677,8,No connectivity_Clumped
1_5_1,1,5,1,High connectivity,Dispersal,Regular,0.3757224,8,High connectivity_Regular
1_5_2 ,1,5,2,High connectivity,Dispersal,Random,0.5959036,8,High connectivity_Random
1_5_3,1,5,3,High connectivity,Cluster,Clumped,0.0374437,8,High connectivity_Clumped
1_5_4 ,1,5,4,Low connectivity,Dispersal,Regular,0.7987528,8,Low connectivity_Regular
1_5_5 ,1,5,5,Low connectivity,Dispersal,Random,0.4671869,8,Low connectivity_Random
1_5_6 ,1,5,6,Low connectivity,Cluster,Clumped,0.1418015,8,Low connectivity_Clumped
1_5_7,1,5,7,No connectivity,Dispersal,Regular,0.3350779,8,No connectivity_Regular
1_5_8 ,1,5,8,No connectivity,Dispersal,Random,0.1168827,8,No connectivity_Random
1_5_9 ,1,5,9,No connectivity,Cluster,Clumped,0.5820148,8,No connectivity_Clumped
1_6_1 ,1,6,1,High connectivity,Dispersal,Regular,0.2951373,8,High connectivity_Regular
1_6_2,1,6,2,High connectivity,Dispersal,Random,0.2325865,8,High connectivity_Random
1_6_3 ,1,6,3,High connectivity,Cluster,Clumped,0.036445,8,High connectivity_Clumped
1_6_4 ,1,6,4,Low connectivity,Dispersal,Regular,0.6783992,8,Low connectivity_Regular
2_1_4 ,2,1,4,Low connectivity,Dispersal,Regular,0.1922035,8,Low connectivity_Regular
2_1_5 ,2,1,5,Low connectivity,Dispersal,Random,0.2560967,8,Low connectivity_Random
2_1_6,2,1,6,Low connectivity,Cluster,Clumped,0.1090289,8,Low connectivity_Clumped
2_1_7,2,1,7,No connectivity,Dispersal,Regular,0.3998884,8,No connectivity_Regular
2_1_8 ,2,1,8,No connectivity,Dispersal,Random,0.2776663,8,No connectivity_Random
2_1_9 ,2,1,9,No connectivity,Cluster,Clumped,0.0448295,8,No connectivity_Clumped
2_2_4 ,2,2,4,Low connectivity,Dispersal,Regular,0.2262899,8,Low connectivity_Regular
2_2_5 ,2,2,5,Low connectivity,Dispersal,Random,0.3567518,8,Low connectivity_Random
2_2_6 ,2,2,6,Low connectivity,Cluster,Clumped,0.0780026,8,Low connectivity_Clumped
2_2_7 ,2,2,7,No connectivity,Dispersal,Regular,0.4269652,8,No connectivity_Regular
2_2_8 ,2,2,8,No connectivity,Dispersal,Random,0.3736286,8,No connectivity_Random
2_2_9 ,2,2,9,No connectivity,Cluster,Clumped,0.2561049,8,No connectivity_Clumped
2_3_4 ,2,3,4,Low connectivity,Dispersal,Regular,0.3859629,8,Low connectivity_Regular
2_3_5 ,2,3,5,Low connectivity,Dispersal,Random,0.4372523,8,Low connectivity_Random
2_3_6 ,2,3,6,Low connectivity,Cluster,Clumped,0.1027248,8,Low connectivity_Clumped
2_3_7 ,2,3,7,No connectivity,Dispersal,Regular,0.4455304,8,No connectivity_Regular
2_3_8 ,2,3,8,No connectivity,Dispersal,Random,0.1189414,8,No connectivity_Random
2_3_9 ,2,3,9,No connectivity,Cluster,Clumped,0.0602495,8,No connectivity_Clumped
1_1_1,1,1,1,High connectivity,Dispersal,Regular,3.76264,11,High connectivity_Regular
1_1_2,1,1,2,High connectivity,Dispersal,Random,2.5284042,11,High connectivity_Random
1_1_3,1,1,3,High connectivity,Cluster,Clumped,0.5832373,11,High connectivity_Clumped
1_1_4,1,1,4,Low connectivity,Dispersal,Regular,4.2806292,11,Low connectivity_Regular
1_1_5,1,1,5,Low connectivity,Dispersal,Random,4.7157955,11,Low connectivity_Random
1_1_6,1,1,6,Low connectivity,Cluster,Clumped,3.2878108,11,Low connectivity_Clumped
1_1_7,1,1,7,No connectivity,Dispersal,Regular,4.3708477,11,No connectivity_Regular
1_1_8,1,1,8,No connectivity,Dispersal,Random,4.0487828,11,No connectivity_Random
1_1_9,1,1,9,No connectivity,Cluster,Clumped,2.1402819,11,No connectivity_Clumped
1_2_1,1,2,1,High connectivity,Dispersal,Regular,2.0720491,11,High connectivity_Regular
1_2_2,1,2,2,High connectivity,Dispersal,Random,0.3997638,11,High connectivity_Random
1_2_3,1,2,3,High connectivity,Cluster,Clumped,1.766297,11,High connectivity_Clumped
1_2_4,1,2,4,Low connectivity,Dispersal,Regular,5.0081744,11,Low connectivity_Regular
1_2_5,1,2,5,Low connectivity,Dispersal,Random,3.8485477,11,Low connectivity_Random
1_2_6,1,2,6,Low connectivity,Cluster,Clumped,2.9941413,11,Low connectivity_Clumped
1_2_7,1,2,7,No connectivity,Dispersal,Regular,3.9016857,11,No connectivity_Regular
1_2_8,1,2,8,No connectivity,Dispersal,Random,4.2728853,11,No connectivity_Random
1_2_9,1,2,9,No connectivity,Cluster,Clumped,3.0940731,11,No connectivity_Clumped
1_3_1,1,3,1,High connectivity,Dispersal,Regular,0.4608929,11,High connectivity_Regular
1_3_2,1,3,2,High connectivity,Dispersal,Random,0.42565,11,High connectivity_Random
1_3_4,1,3,4,Low connectivity,Dispersal,Regular,5.1320386,11,Low connectivity_Regular
1_3_5,1,3,5,Low connectivity,Dispersal,Random,4.6259031,11,Low connectivity_Random
1_3_6,1,3,6,Low connectivity,Cluster,Clumped,7.2846479,11,Low connectivity_Clumped
1_3_7,1,3,7,No connectivity,Dispersal,Regular,4.955802,11,No connectivity_Regular
1_3_9,1,3,9,No connectivity,Cluster,Clumped,2.4758446,11,No connectivity_Clumped
1_4_1,1,4,1,High connectivity,Dispersal,Regular,2.9939663,11,High connectivity_Regular
1_4_2,1,4,2,High connectivity,Dispersal,Random,2.905673,11,High connectivity_Random
1_4_3,1,4,3,High connectivity,Cluster,Clumped,2.1678243,11,High connectivity_Clumped
1_4_4 ,1,4,4,Low connectivity,Dispersal,Regular,4.5690703,11,Low connectivity_Regular
1_4_5,1,4,5,Low connectivity,Dispersal,Random,2.7128541,11,Low connectivity_Random
1_4_6,1,4,6,Low connectivity,Cluster,Clumped,2.6951122,11,Low connectivity_Clumped
1_4_7,1,4,7,No connectivity,Dispersal,Regular,4.2820077,11,No connectivity_Regular
1_4_8,1,4,8,No connectivity,Dispersal,Random,4.192112,11,No connectivity_Random
1_4_9,1,4,9,No connectivity,Cluster,Clumped,3.6947491,11,No connectivity_Clumped
1_5_1,1,5,1,High connectivity,Dispersal,Regular,1.8048418,11,High connectivity_Regular
1_5_2,1,5,2,High connectivity,Dispersal,Random,2.5346594,11,High connectivity_Random
1_5_3,1,5,3,High connectivity,Cluster,Clumped,1.1582304,11,High connectivity_Clumped
1_5_4,1,5,4,Low connectivity,Dispersal,Regular,4.4816804,11,Low connectivity_Regular
1_5_5,1,5,5,Low connectivity,Dispersal,Random,3.8567488,11,Low connectivity_Random
1_5_6,1,5,6,Low connectivity,Cluster,Clumped,2.9976356,11,Low connectivity_Clumped
1_5_7,1,5,7,No connectivity,Dispersal,Regular,2.0445871,11,No connectivity_Regular
1_5_8,1,5,8,No connectivity,Dispersal,Random,2.1486316,11,No connectivity_Random
1_5_9,1,5,9,No connectivity,Cluster,Clumped,6.289341,11,No connectivity_Clumped
1_6_1,1,6,1,High connectivity,Dispersal,Regular,3.2287033,11,High connectivity_Regular
1_6_2,1,6,2,High connectivity,Dispersal,Random,3.1354764,11,High connectivity_Random
1_6_3,1,6,3,High connectivity,Cluster,Clumped,1.7354786,11,High connectivity_Clumped
1_6_4,1,6,4,Low connectivity,Dispersal,Regular,4.7898889,11,Low connectivity_Regular
1_6_5,1,6,5,Low connectivity,Dispersal,Random,3.5744264,11,Low connectivity_Random
1_6_6,1,6,6,Low connectivity,Cluster,Clumped,1.5991434,11,Low connectivity_Clumped
1_6_7,1,6,7,No connectivity,Dispersal,Regular,3.350487,11,No connectivity_Regular
1_6_8,1,6,8,No connectivity,Dispersal,Random,2.3423316,11,No connectivity_Random
1_6_9,1,6,9,No connectivity,Cluster,Clumped,3.454694,11,No connectivity_Clumped
