date,F_Species,F_type,F_elevation,number,elevation ,species,density,type,Days,site,species_pattern
2017.6.21,1,1,1,1,lowE,Scirpus,160,dispersed,1,1_1_1_1,Scirpus-dispersed
2017.6.22,1,1,1,1,lowE,Scirpus,79,dispersed,2,1_1_1_1,Scirpus-dispersed
2017.6.23,1,1,1,1,lowE,Scirpus,75,dispersed,3,1_1_1_1,Scirpus-dispersed
2017.6.29,1,1,1,1,lowE,Scirpus,79,dispersed,9,1_1_1_1,Scirpus-dispersed
2017.7.6,1,1,1,1,lowE,Scirpus,106,dispersed,16,1_1_1_1,Scirpus-dispersed
2017.7.13,1,1,1,1,lowE,Scirpus,74,dispersed,23,1_1_1_1,Scirpus-dispersed
2017.7.20,1,1,1,1,lowE,Scirpus,35,dispersed,30,1_1_1_1,Scirpus-dispersed
2017.6.21,1,1,1,3,lowE,Scirpus,124,dispersed,1,1_1_1_3,Scirpus-dispersed
2017.6.22,1,1,1,3,lowE,Scirpus,115,dispersed,2,1_1_1_3,Scirpus-dispersed
2017.6.23,1,1,1,3,lowE,Scirpus,112,dispersed,3,1_1_1_3,Scirpus-dispersed
2017.6.29,1,1,1,3,lowE,Scirpus,80,dispersed,9,1_1_1_3,Scirpus-dispersed
2017.7.6,1,1,1,3,lowE,Scirpus,108,dispersed,16,1_1_1_3,Scirpus-dispersed
2017.7.13,1,1,1,3,lowE,Scirpus,50,dispersed,23,1_1_1_3,Scirpus-dispersed
2017.7.20,1,1,1,3,lowE,Scirpus,45,dispersed,30,1_1_1_3,Scirpus-dispersed
2017.6.21,1,1,1,5,lowE,Scirpus,137,dispersed,1,1_1_1_5,Scirpus-dispersed
2017.6.22,1,1,1,5,lowE,Scirpus,67,dispersed,2,1_1_1_5,Scirpus-dispersed
2017.6.23,1,1,1,5,lowE,Scirpus,68,dispersed,3,1_1_1_5,Scirpus-dispersed
2017.6.29,1,1,1,5,lowE,Scirpus,106,dispersed,9,1_1_1_5,Scirpus-dispersed
2017.7.6,1,1,1,5,lowE,Scirpus,155,dispersed,16,1_1_1_5,Scirpus-dispersed
2017.7.13,1,1,1,5,lowE,Scirpus,146,dispersed,23,1_1_1_5,Scirpus-dispersed
2017.7.20,1,1,1,5,lowE,Scirpus,74,dispersed,30,1_1_1_5,Scirpus-dispersed
2017.6.21,1,1,1,7,lowE,Scirpus,138,dispersed,1,1_1_1_7,Scirpus-dispersed
2017.6.22,1,1,1,7,lowE,Scirpus,45,dispersed,2,1_1_1_7,Scirpus-dispersed
2017.6.23,1,1,1,7,lowE,Scirpus,46,dispersed,3,1_1_1_7,Scirpus-dispersed
2017.6.29,1,1,1,7,lowE,Scirpus,112,dispersed,9,1_1_1_7,Scirpus-dispersed
2017.7.6,1,1,1,7,lowE,Scirpus,167,dispersed,16,1_1_1_7,Scirpus-dispersed
2017.7.13,1,1,1,7,lowE,Scirpus,136,dispersed,23,1_1_1_7,Scirpus-dispersed
2017.7.20,1,1,1,7,lowE,Scirpus,50,dispersed,30,1_1_1_7,Scirpus-dispersed
2017.6.21,1,1,1,9,lowE,Scirpus,130,dispersed,1,1_1_1_9,Scirpus-dispersed
2017.6.22,1,1,1,9,lowE,Scirpus,96,dispersed,2,1_1_1_9,Scirpus-dispersed
2017.6.23,1,1,1,9,lowE,Scirpus,96,dispersed,3,1_1_1_9,Scirpus-dispersed
2017.6.29,1,1,1,9,lowE,Scirpus,91,dispersed,9,1_1_1_9,Scirpus-dispersed
2017.7.6,1,1,1,9,lowE,Scirpus,111,dispersed,16,1_1_1_9,Scirpus-dispersed
2017.7.13,1,1,1,9,lowE,Scirpus,111,dispersed,23,1_1_1_9,Scirpus-dispersed
2017.7.20,1,1,1,9,lowE,Scirpus,72,dispersed,30,1_1_1_9,Scirpus-dispersed
2017.6.22,2,1,1,10,lowE,Spartina,89,dispersed,1,1_1_2_10,Spartina-dispersed
2017.6.23,2,1,1,10,lowE,Spartina,65,dispersed,2,1_1_2_10,Spartina-dispersed
2017.6.29,2,1,1,10,lowE,Spartina,1,dispersed,8,1_1_2_10,Spartina-dispersed
2017.7.6,2,1,1,10,lowE,Spartina,2,dispersed,15,1_1_2_10,Spartina-dispersed
2017.7.13,2,1,1,10,lowE,Spartina,1,dispersed,22,1_1_2_10,Spartina-dispersed
2017.7.20,2,1,1,10,lowE,Spartina,2,dispersed,29,1_1_2_10,Spartina-dispersed
2017.6.22,2,1,1,2,lowE,Spartina,66,dispersed,1,1_1_2_2,Spartina-dispersed
2017.6.23,2,1,1,2,lowE,Spartina,46,dispersed,2,1_1_2_2,Spartina-dispersed
2017.6.29,2,1,1,2,lowE,Spartina,17,dispersed,8,1_1_2_2,Spartina-dispersed
2017.7.6,2,1,1,2,lowE,Spartina,27,dispersed,15,1_1_2_2,Spartina-dispersed
2017.7.13,2,1,1,2,lowE,Spartina,33,dispersed,22,1_1_2_2,Spartina-dispersed
2017.7.20,2,1,1,2,lowE,Spartina,0,dispersed,29,1_1_2_2,Spartina-dispersed
2017.6.22,2,1,1,6,lowE,Spartina,109,dispersed,1,1_1_2_6,Spartina-dispersed
2017.6.23,2,1,1,6,lowE,Spartina,47,dispersed,2,1_1_2_6,Spartina-dispersed
2017.6.29,2,1,1,6,lowE,Spartina,3,dispersed,8,1_1_2_6,Spartina-dispersed
2017.7.6,2,1,1,6,lowE,Spartina,3,dispersed,15,1_1_2_6,Spartina-dispersed
2017.7.13,2,1,1,6,lowE,Spartina,3,dispersed,22,1_1_2_6,Spartina-dispersed
2017.7.20,2,1,1,6,lowE,Spartina,35,dispersed,29,1_1_2_6,Spartina-dispersed
2017.6.22,2,1,1,9,lowE,Spartina,88,dispersed,1,1_1_2_9,Spartina-dispersed
2017.6.23,2,1,1,9,lowE,Spartina,51,dispersed,2,1_1_2_9,Spartina-dispersed
2017.6.29,2,1,1,9,lowE,Spartina,3,dispersed,8,1_1_2_9,Spartina-dispersed
2017.7.6,2,1,1,9,lowE,Spartina,3,dispersed,15,1_1_2_9,Spartina-dispersed
2017.7.13,2,1,1,9,lowE,Spartina,0,dispersed,22,1_1_2_9,Spartina-dispersed
2017.7.20,2,1,1,9,lowE,Spartina,6,dispersed,29,1_1_2_9,Spartina-dispersed
2017.6.21,1,2,1,10,lowE,Scirpus,158,clumped,1,1_2_1_10,Scirpus-clumped
2017.6.22,1,2,1,10,lowE,Scirpus,89,clumped,2,1_2_1_10,Scirpus-clumped
2017.6.23,1,2,1,10,lowE,Scirpus,89,clumped,3,1_2_1_10,Scirpus-clumped
2017.6.29,1,2,1,10,lowE,Scirpus,74,clumped,9,1_2_1_10,Scirpus-clumped
2017.7.6,1,2,1,10,lowE,Scirpus,97,clumped,16,1_2_1_10,Scirpus-clumped
2017.7.13,1,2,1,10,lowE,Scirpus,54,clumped,23,1_2_1_10,Scirpus-clumped
2017.7.20,1,2,1,10,lowE,Scirpus,18,clumped,30,1_2_1_10,Scirpus-clumped
2017.6.21,1,2,1,2,lowE,Scirpus,169,clumped,1,1_2_1_2,Scirpus-clumped
2017.6.22,1,2,1,2,lowE,Scirpus,86,clumped,2,1_2_1_2,Scirpus-clumped
2017.6.23,1,2,1,2,lowE,Scirpus,85,clumped,3,1_2_1_2,Scirpus-clumped
2017.6.29,1,2,1,2,lowE,Scirpus,110,clumped,9,1_2_1_2,Scirpus-clumped
2017.7.6,1,2,1,2,lowE,Scirpus,134,clumped,16,1_2_1_2,Scirpus-clumped
2017.7.13,1,2,1,2,lowE,Scirpus,70,clumped,23,1_2_1_2,Scirpus-clumped
2017.7.20,1,2,1,2,lowE,Scirpus,6,clumped,30,1_2_1_2,Scirpus-clumped
2017.6.21,1,2,1,4,lowE,Scirpus,136,clumped,1,1_2_1_4,Scirpus-clumped
2017.6.22,1,2,1,4,lowE,Scirpus,82,clumped,2,1_2_1_4,Scirpus-clumped
2017.6.23,1,2,1,4,lowE,Scirpus,82,clumped,3,1_2_1_4,Scirpus-clumped
2017.6.29,1,2,1,4,lowE,Scirpus,62,clumped,9,1_2_1_4,Scirpus-clumped
2017.7.6,1,2,1,4,lowE,Scirpus,73,clumped,16,1_2_1_4,Scirpus-clumped
2017.7.13,1,2,1,4,lowE,Scirpus,54,clumped,23,1_2_1_4,Scirpus-clumped
2017.7.20,1,2,1,4,lowE,Scirpus,12,clumped,30,1_2_1_4,Scirpus-clumped
2017.6.21,1,2,1,6,lowE,Scirpus,165,clumped,1,1_2_1_6,Scirpus-clumped
2017.6.22,1,2,1,6,lowE,Scirpus,115,clumped,2,1_2_1_6,Scirpus-clumped
2017.6.23,1,2,1,6,lowE,Scirpus,115,clumped,3,1_2_1_6,Scirpus-clumped
2017.6.29,1,2,1,6,lowE,Scirpus,45,clumped,9,1_2_1_6,Scirpus-clumped
2017.7.6,1,2,1,6,lowE,Scirpus,66,clumped,16,1_2_1_6,Scirpus-clumped
2017.7.13,1,2,1,6,lowE,Scirpus,51,clumped,23,1_2_1_6,Scirpus-clumped
2017.7.20,1,2,1,6,lowE,Scirpus,41,clumped,30,1_2_1_6,Scirpus-clumped
2017.6.21,1,2,1,8,lowE,Scirpus,145,clumped,1,1_2_1_8,Scirpus-clumped
2017.6.22,1,2,1,8,lowE,Scirpus,116,clumped,2,1_2_1_8,Scirpus-clumped
2017.6.23,1,2,1,8,lowE,Scirpus,86,clumped,3,1_2_1_8,Scirpus-clumped
2017.6.29,1,2,1,8,lowE,Scirpus,89,clumped,9,1_2_1_8,Scirpus-clumped
2017.7.6,1,2,1,8,lowE,Scirpus,113,clumped,16,1_2_1_8,Scirpus-clumped
2017.7.13,1,2,1,8,lowE,Scirpus,95,clumped,23,1_2_1_8,Scirpus-clumped
2017.7.20,1,2,1,8,lowE,Scirpus,37,clumped,30,1_2_1_8,Scirpus-clumped
2017.6.22,2,2,1,1,lowE,Spartina,47,clumped,1,1_2_2_1,Spartina-clumped
2017.6.23,2,2,1,1,lowE,Spartina,36,clumped,2,1_2_2_1,Spartina-clumped
2017.6.29,2,2,1,1,lowE,Spartina,15,clumped,8,1_2_2_1,Spartina-clumped
2017.7.6,2,2,1,1,lowE,Spartina,28,clumped,15,1_2_2_1,Spartina-clumped
2017.7.13,2,2,1,1,lowE,Spartina,22,clumped,22,1_2_2_1,Spartina-clumped
2017.7.20,2,2,1,1,lowE,Spartina,0,clumped,29,1_2_2_1,Spartina-clumped
2017.6.22,2,2,1,3,lowE,Spartina,49,clumped,1,1_2_2_3,Spartina-clumped
2017.6.23,2,2,1,3,lowE,Spartina,13,clumped,2,1_2_2_3,Spartina-clumped
2017.6.29,2,2,1,3,lowE,Spartina,0,clumped,8,1_2_2_3,Spartina-clumped
2017.7.6,2,2,1,3,lowE,Spartina,0,clumped,15,1_2_2_3,Spartina-clumped
2017.7.13,2,2,1,3,lowE,Spartina,0,clumped,22,1_2_2_3,Spartina-clumped
2017.7.20,2,2,1,3,lowE,Spartina,2,clumped,29,1_2_2_3,Spartina-clumped
2017.6.22,2,2,1,5,lowE,Spartina,51,clumped,1,1_2_2_5,Spartina-clumped
2017.6.23,2,2,1,5,lowE,Spartina,40,clumped,2,1_2_2_5,Spartina-clumped
2017.6.29,2,2,1,5,lowE,Spartina,17,clumped,8,1_2_2_5,Spartina-clumped
2017.7.6,2,2,1,5,lowE,Spartina,35,clumped,15,1_2_2_5,Spartina-clumped
2017.7.13,2,2,1,5,lowE,Spartina,36,clumped,22,1_2_2_5,Spartina-clumped
2017.7.20,2,2,1,5,lowE,Spartina,4,clumped,29,1_2_2_5,Spartina-clumped
2017.6.22,2,2,1,7,lowE,Spartina,88,clumped,1,1_2_2_7,Spartina-clumped
2017.6.23,2,2,1,7,lowE,Spartina,80,clumped,2,1_2_2_7,Spartina-clumped
2017.6.29,2,2,1,7,lowE,Spartina,83,clumped,8,1_2_2_7,Spartina-clumped
2017.7.6,2,2,1,7,lowE,Spartina,127,clumped,15,1_2_2_7,Spartina-clumped
2017.7.13,2,2,1,7,lowE,Spartina,129,clumped,22,1_2_2_7,Spartina-clumped
2017.7.20,2,2,1,7,lowE,Spartina,0,clumped,29,1_2_2_7,Spartina-clumped
2017.6.22,2,2,1,8,lowE,Spartina,93,clumped,1,1_2_2_8,Spartina-clumped
2017.6.23,2,2,1,8,lowE,Spartina,65,clumped,2,1_2_2_8,Spartina-clumped
2017.6.29,2,2,1,8,lowE,Spartina,13,clumped,8,1_2_2_8,Spartina-clumped
2017.7.6,2,2,1,8,lowE,Spartina,26,clumped,15,1_2_2_8,Spartina-clumped
2017.7.13,2,2,1,8,lowE,Spartina,23,clumped,22,1_2_2_8,Spartina-clumped
2017.7.20,2,2,1,8,lowE,Spartina,0,clumped,29,1_2_2_8,Spartina-clumped
2017.6.21,1,1,2,1,highE,Scirpus,168,dispersed,1,2_1_1_1,Scirpus-dispersed
2017.6.22,1,1,2,1,highE,Scirpus,146,dispersed,2,2_1_1_1,Scirpus-dispersed
2017.6.23,1,1,2,1,highE,Scirpus,154,dispersed,3,2_1_1_1,Scirpus-dispersed
2017.6.29,1,1,2,1,highE,Scirpus,140,dispersed,9,2_1_1_1,Scirpus-dispersed
2017.7.6,1,1,2,1,highE,Scirpus,194,dispersed,16,2_1_1_1,Scirpus-dispersed
2017.7.13,1,1,2,1,highE,Scirpus,243,dispersed,23,2_1_1_1,Scirpus-dispersed
2017.7.20,1,1,2,1,highE,Scirpus,196,dispersed,30,2_1_1_1,Scirpus-dispersed
2017.6.21,1,1,2,3,highE,Scirpus,190,dispersed,1,2_1_1_3,Scirpus-dispersed
2017.6.22,1,1,2,3,highE,Scirpus,157,dispersed,2,2_1_1_3,Scirpus-dispersed
2017.6.23,1,1,2,3,highE,Scirpus,151,dispersed,3,2_1_1_3,Scirpus-dispersed
2017.6.29,1,1,2,3,highE,Scirpus,150,dispersed,9,2_1_1_3,Scirpus-dispersed
2017.7.6,1,1,2,3,highE,Scirpus,222,dispersed,16,2_1_1_3,Scirpus-dispersed
2017.7.13,1,1,2,3,highE,Scirpus,227,dispersed,23,2_1_1_3,Scirpus-dispersed
2017.7.20,1,1,2,3,highE,Scirpus,172,dispersed,30,2_1_1_3,Scirpus-dispersed
2017.6.21,1,1,2,5,highE,Scirpus,203,dispersed,1,2_1_1_5,Scirpus-dispersed
2017.6.22,1,1,2,5,highE,Scirpus,108,dispersed,2,2_1_1_5,Scirpus-dispersed
2017.6.23,1,1,2,5,highE,Scirpus,108,dispersed,3,2_1_1_5,Scirpus-dispersed
2017.6.29,1,1,2,5,highE,Scirpus,102,dispersed,9,2_1_1_5,Scirpus-dispersed
2017.7.6,1,1,2,5,highE,Scirpus,166,dispersed,16,2_1_1_5,Scirpus-dispersed
2017.7.13,1,1,2,5,highE,Scirpus,163,dispersed,23,2_1_1_5,Scirpus-dispersed
2017.7.20,1,1,2,5,highE,Scirpus,135,dispersed,30,2_1_1_5,Scirpus-dispersed
2017.6.21,1,1,2,7,highE,Scirpus,242,dispersed,1,2_1_1_7,Scirpus-dispersed
2017.6.22,1,1,2,7,highE,Scirpus,63,dispersed,2,2_1_1_7,Scirpus-dispersed
2017.6.23,1,1,2,7,highE,Scirpus,65,dispersed,3,2_1_1_7,Scirpus-dispersed
2017.6.29,1,1,2,7,highE,Scirpus,62,dispersed,9,2_1_1_7,Scirpus-dispersed
2017.7.6,1,1,2,7,highE,Scirpus,93,dispersed,16,2_1_1_7,Scirpus-dispersed
2017.7.13,1,1,2,7,highE,Scirpus,86,dispersed,23,2_1_1_7,Scirpus-dispersed
2017.7.20,1,1,2,7,highE,Scirpus,68,dispersed,30,2_1_1_7,Scirpus-dispersed
2017.6.21,1,1,2,9,highE,Scirpus,194,dispersed,1,2_1_1_9,Scirpus-dispersed
2017.6.22,1,1,2,9,highE,Scirpus,47,dispersed,2,2_1_1_9,Scirpus-dispersed
2017.6.23,1,1,2,9,highE,Scirpus,47,dispersed,3,2_1_1_9,Scirpus-dispersed
2017.6.29,1,1,2,9,highE,Scirpus,40,dispersed,9,2_1_1_9,Scirpus-dispersed
2017.7.6,1,1,2,9,highE,Scirpus,72,dispersed,16,2_1_1_9,Scirpus-dispersed
2017.7.13,1,1,2,9,highE,Scirpus,79,dispersed,23,2_1_1_9,Scirpus-dispersed
2017.7.20,1,1,2,9,highE,Scirpus,75,dispersed,30,2_1_1_9,Scirpus-dispersed
2017.6.22,2,1,2,1,highE,Spartina,61,dispersed,1,2_1_2_1,Spartina-dispersed
2017.6.23,2,1,2,1,highE,Spartina,62,dispersed,2,2_1_2_1,Spartina-dispersed
2017.6.29,2,1,2,1,highE,Spartina,54,dispersed,8,2_1_2_1,Spartina-dispersed
2017.7.6,2,1,2,1,highE,Spartina,52,dispersed,15,2_1_2_1,Spartina-dispersed
2017.7.13,2,1,2,1,highE,Spartina,13,dispersed,22,2_1_2_1,Spartina-dispersed
2017.7.20,2,1,2,1,highE,Spartina,10,dispersed,29,2_1_2_1,Spartina-dispersed
2017.6.22,2,1,2,3,highE,Spartina,53,dispersed,1,2_1_2_3,Spartina-dispersed
2017.6.23,2,1,2,3,highE,Spartina,52,dispersed,2,2_1_2_3,Spartina-dispersed
2017.6.29,2,1,2,3,highE,Spartina,26,dispersed,8,2_1_2_3,Spartina-dispersed
2017.7.6,2,1,2,3,highE,Spartina,55,dispersed,15,2_1_2_3,Spartina-dispersed
2017.7.13,2,1,2,3,highE,Spartina,11,dispersed,22,2_1_2_3,Spartina-dispersed
2017.7.20,2,1,2,3,highE,Spartina,0,dispersed,29,2_1_2_3,Spartina-dispersed
2017.6.22,2,1,2,5,highE,Spartina,77,dispersed,1,2_1_2_5,Spartina-dispersed
2017.6.23,2,1,2,5,highE,Spartina,80,dispersed,2,2_1_2_5,Spartina-dispersed
2017.6.29,2,1,2,5,highE,Spartina,27,dispersed,8,2_1_2_5,Spartina-dispersed
2017.7.6,2,1,2,5,highE,Spartina,56,dispersed,15,2_1_2_5,Spartina-dispersed
2017.7.13,2,1,2,5,highE,Spartina,9,dispersed,22,2_1_2_5,Spartina-dispersed
2017.7.20,2,1,2,5,highE,Spartina,0,dispersed,29,2_1_2_5,Spartina-dispersed
2017.6.22,2,1,2,7,highE,Spartina,58,dispersed,1,2_1_2_7,Spartina-dispersed
2017.6.23,2,1,2,7,highE,Spartina,60,dispersed,2,2_1_2_7,Spartina-dispersed
2017.6.29,2,1,2,7,highE,Spartina,21,dispersed,8,2_1_2_7,Spartina-dispersed
2017.7.6,2,1,2,7,highE,Spartina,16,dispersed,15,2_1_2_7,Spartina-dispersed
2017.7.13,2,1,2,7,highE,Spartina,2,dispersed,22,2_1_2_7,Spartina-dispersed
2017.7.20,2,1,2,7,highE,Spartina,0,dispersed,29,2_1_2_7,Spartina-dispersed
2017.6.22,2,1,2,9,highE,Spartina,73,dispersed,1,2_1_2_9,Spartina-dispersed
2017.6.23,2,1,2,9,highE,Spartina,42,dispersed,2,2_1_2_9,Spartina-dispersed
2017.6.29,2,1,2,9,highE,Spartina,16,dispersed,8,2_1_2_9,Spartina-dispersed
2017.7.6,2,1,2,9,highE,Spartina,21,dispersed,15,2_1_2_9,Spartina-dispersed
2017.7.13,2,1,2,9,highE,Spartina,0,dispersed,22,2_1_2_9,Spartina-dispersed
2017.7.20,2,1,2,9,highE,Spartina,0,dispersed,29,2_1_2_9,Spartina-dispersed
2017.6.21,1,2,2,10,highE,Scirpus,184,clumped,1,2_2_1_10,Scirpus-clumped
2017.6.22,1,2,2,10,highE,Scirpus,118,clumped,2,2_2_1_10,Scirpus-clumped
2017.6.23,1,2,2,10,highE,Scirpus,119,clumped,3,2_2_1_10,Scirpus-clumped
2017.6.29,1,2,2,10,highE,Scirpus,118,clumped,9,2_2_1_10,Scirpus-clumped
2017.7.6,1,2,2,10,highE,Scirpus,158,clumped,16,2_2_1_10,Scirpus-clumped
2017.7.13,1,2,2,10,highE,Scirpus,182,clumped,23,2_2_1_10,Scirpus-clumped
2017.7.20,1,2,2,10,highE,Scirpus,96,clumped,30,2_2_1_10,Scirpus-clumped
2017.6.21,1,2,2,2,highE,Scirpus,152,clumped,1,2_2_1_2,Scirpus-clumped
2017.6.22,1,2,2,2,highE,Scirpus,38,clumped,2,2_2_1_2,Scirpus-clumped
2017.6.23,1,2,2,2,highE,Scirpus,42,clumped,3,2_2_1_2,Scirpus-clumped
2017.6.29,1,2,2,2,highE,Scirpus,36,clumped,9,2_2_1_2,Scirpus-clumped
2017.7.6,1,2,2,2,highE,Scirpus,54,clumped,16,2_2_1_2,Scirpus-clumped
2017.7.13,1,2,2,2,highE,Scirpus,70,clumped,23,2_2_1_2,Scirpus-clumped
2017.7.20,1,2,2,2,highE,Scirpus,80,clumped,30,2_2_1_2,Scirpus-clumped
2017.6.21,1,2,2,4,highE,Scirpus,179,clumped,1,2_2_1_4,Scirpus-clumped
2017.6.22,1,2,2,4,highE,Scirpus,114,clumped,2,2_2_1_4,Scirpus-clumped
2017.6.23,1,2,2,4,highE,Scirpus,120,clumped,3,2_2_1_4,Scirpus-clumped
2017.6.29,1,2,2,4,highE,Scirpus,111,clumped,9,2_2_1_4,Scirpus-clumped
2017.7.6,1,2,2,4,highE,Scirpus,137,clumped,16,2_2_1_4,Scirpus-clumped
2017.7.13,1,2,2,4,highE,Scirpus,133,clumped,23,2_2_1_4,Scirpus-clumped
2017.7.20,1,2,2,4,highE,Scirpus,87,clumped,30,2_2_1_4,Scirpus-clumped
2017.6.21,1,2,2,6,highE,Scirpus,148,clumped,1,2_2_1_6,Scirpus-clumped
2017.6.22,1,2,2,6,highE,Scirpus,42,clumped,2,2_2_1_6,Scirpus-clumped
2017.6.23,1,2,2,6,highE,Scirpus,41,clumped,3,2_2_1_6,Scirpus-clumped
2017.6.29,1,2,2,6,highE,Scirpus,38,clumped,9,2_2_1_6,Scirpus-clumped
2017.7.6,1,2,2,6,highE,Scirpus,53,clumped,16,2_2_1_6,Scirpus-clumped
2017.7.13,1,2,2,6,highE,Scirpus,52,clumped,23,2_2_1_6,Scirpus-clumped
2017.7.20,1,2,2,6,highE,Scirpus,47,clumped,30,2_2_1_6,Scirpus-clumped
2017.6.21,1,2,2,8,highE,Scirpus,164,clumped,1,2_2_1_8,Scirpus-clumped
2017.6.22,1,2,2,8,highE,Scirpus,24,clumped,2,2_2_1_8,Scirpus-clumped
2017.6.23,1,2,2,8,highE,Scirpus,25,clumped,3,2_2_1_8,Scirpus-clumped
2017.6.29,1,2,2,8,highE,Scirpus,23,clumped,9,2_2_1_8,Scirpus-clumped
2017.7.6,1,2,2,8,highE,Scirpus,46,clumped,16,2_2_1_8,Scirpus-clumped
2017.7.13,1,2,2,8,highE,Scirpus,47,clumped,23,2_2_1_8,Scirpus-clumped
2017.7.20,1,2,2,8,highE,Scirpus,44,clumped,30,2_2_1_8,Scirpus-clumped
2017.6.22,2,2,2,10,highE,Spartina,59,clumped,1,2_2_2_10,Spartina-clumped
2017.6.23,2,2,2,10,highE,Spartina,45,clumped,2,2_2_2_10,Spartina-clumped
2017.6.29,2,2,2,10,highE,Spartina,49,clumped,8,2_2_2_10,Spartina-clumped
2017.7.6,2,2,2,10,highE,Spartina,112,clumped,15,2_2_2_10,Spartina-clumped
2017.7.13,2,2,2,10,highE,Spartina,21,clumped,22,2_2_2_10,Spartina-clumped
2017.7.20,2,2,2,10,highE,Spartina,0,clumped,29,2_2_2_10,Spartina-clumped
2017.6.22,2,2,2,2,highE,Spartina,49,clumped,1,2_2_2_2,Spartina-clumped
2017.6.23,2,2,2,2,highE,Spartina,50,clumped,2,2_2_2_2,Spartina-clumped
2017.6.29,2,2,2,2,highE,Spartina,55,clumped,8,2_2_2_2,Spartina-clumped
2017.7.6,2,2,2,2,highE,Spartina,123,clumped,15,2_2_2_2,Spartina-clumped
2017.7.13,2,2,2,2,highE,Spartina,108,clumped,22,2_2_2_2,Spartina-clumped
2017.7.20,2,2,2,2,highE,Spartina,27,clumped,29,2_2_2_2,Spartina-clumped
2017.6.22,2,2,2,4,highE,Spartina,47,clumped,1,2_2_2_4,Spartina-clumped
2017.6.23,2,2,2,4,highE,Spartina,44,clumped,2,2_2_2_4,Spartina-clumped
2017.6.29,2,2,2,4,highE,Spartina,37,clumped,8,2_2_2_4,Spartina-clumped
2017.7.6,2,2,2,4,highE,Spartina,96,clumped,15,2_2_2_4,Spartina-clumped
2017.7.13,2,2,2,4,highE,Spartina,58,clumped,22,2_2_2_4,Spartina-clumped
2017.7.20,2,2,2,4,highE,Spartina,2,clumped,29,2_2_2_4,Spartina-clumped
2017.6.22,2,2,2,8,highE,Spartina,42,clumped,1,2_2_2_8,Spartina-clumped
2017.6.23,2,2,2,8,highE,Spartina,33,clumped,2,2_2_2_8,Spartina-clumped
2017.6.29,2,2,2,8,highE,Spartina,36,clumped,8,2_2_2_8,Spartina-clumped
2017.7.6,2,2,2,8,highE,Spartina,80,clumped,15,2_2_2_8,Spartina-clumped
2017.7.13,2,2,2,8,highE,Spartina,29,clumped,22,2_2_2_8,Spartina-clumped
2017.7.20,2,2,2,8,highE,Spartina,0,clumped,29,2_2_2_8,Spartina-clumped
