"Site","Elevation","Pattern","Configuration","Connectance","Connectance_Pattern","Slope"
"1_1_1","High elevation","Regular","Dispersal","High connectance","HRE",33.1142857142857
"1_1_2","High elevation","Random","Dispersal","High connectance","HRA",47.4
"1_1_3","High elevation","Clumped","Cluster","High connectance","HC",13.1
"1_1_4","High elevation","Regular","Dispersal","Low connectance","LRE",34
"1_1_5","High elevation","Random","Dispersal","Low connectance","LRA",23.3285714285714
"1_1_6","High elevation","Clumped","Cluster","Low connectance","LC",0.571428571428553
"1_1_7","High elevation","Regular","Dispersal","No connectance","NRE",4.02857142857141
"1_1_8","High elevation","Random","Dispersal","No connectance","NRA",8.64285714285711
"1_1_9","High elevation","Clumped","Cluster","No connectance","NC",11.2571428571429
"1_2_1","High elevation","Regular","Dispersal","High connectance","HRE",53.2571428571429
"1_2_2","High elevation","Random","Dispersal","High connectance","HRA",57.8428571428571
"1_2_3","High elevation","Clumped","Cluster","High connectance","HC",37.4571428571429
"1_2_4","High elevation","Regular","Dispersal","Low connectance","LRE",28.5285714285714
"1_2_5","High elevation","Random","Dispersal","Low connectance","LRA",29.3142857142857
"1_2_6","High elevation","Clumped","Cluster","Low connectance","LC",45.6285714285714
"1_2_7","High elevation","Regular","Dispersal","No connectance","NRE",36.1857142857143
"1_2_8","High elevation","Random","Dispersal","No connectance","NRA",33.7142857142857
"1_2_9","High elevation","Clumped","Cluster","No connectance","NC",33.1714285714286
"1_3_1","High elevation","Regular","Dispersal","High connectance","HRE",19.4142857142857
"1_3_2","High elevation","Random","Dispersal","High connectance","HRA",6.35714285714286
"1_3_3","High elevation","Clumped","Cluster","High connectance","HC",NA
"1_3_4","High elevation","Regular","Dispersal","Low connectance","LRE",22.4
"1_3_5","High elevation","Random","Dispersal","Low connectance","LRA",2.24285714285712
"1_3_6","High elevation","Clumped","Cluster","Low connectance","LC",13.8142857142857
"1_3_7","High elevation","Regular","Dispersal","No connectance","NRE",16.0142857142857
"1_3_8","High elevation","Random","Dispersal","No connectance","NRA",7.79999999999999
"1_3_9","High elevation","Clumped","Cluster","No connectance","NC",8.14285714285714
"1_4_1","High elevation","Regular","Dispersal","High connectance","HRE",22.6857142857143
"1_4_2","High elevation","Random","Dispersal","High connectance","HRA",26.9142857142857
"1_4_3","High elevation","Clumped","Cluster","High connectance","HC",33.3428571428571
"1_4_4","High elevation","Regular","Dispersal","Low connectance","LRE",32.5857142857143
"1_4_5","High elevation","Random","Dispersal","Low connectance","LRA",27.0142857142857
"1_4_6","High elevation","Clumped","Cluster","Low connectance","LC",33.3
"1_4_7","High elevation","Regular","Dispersal","No connectance","NRE",29.1714285714286
"1_4_8","High elevation","Random","Dispersal","No connectance","NRA",18.6285714285714
"1_4_9","High elevation","Clumped","Cluster","No connectance","NC",25.0857142857143
"1_5_1","High elevation","Regular","Dispersal","High connectance","HRE",44.1428571428572
"1_5_2","High elevation","Random","Dispersal","High connectance","HRA",38.8142857142857
"1_5_3","High elevation","Clumped","Cluster","High connectance","HC",25.4285714285714
"1_5_4","High elevation","Regular","Dispersal","Low connectance","LRE",31.5142857142857
"1_5_5","High elevation","Random","Dispersal","Low connectance","LRA",36.5
"1_5_6","High elevation","Clumped","Cluster","Low connectance","LC",29.3285714285714
"1_5_7","High elevation","Regular","Dispersal","No connectance","NRE",39.4142857142857
"1_5_8","High elevation","Random","Dispersal","No connectance","NRA",30.1571428571429
"1_5_9","High elevation","Clumped","Cluster","No connectance","NC",22.9142857142857
"1_6_1","High elevation","Regular","Dispersal","High connectance","HRE",34.9428571428572
"1_6_2","High elevation","Random","Dispersal","High connectance","HRA",26.3
"1_6_3","High elevation","Clumped","Cluster","High connectance","HC",33.2714285714286
"1_6_4","High elevation","Regular","Dispersal","Low connectance","LRE",20.9142857142857
"1_6_5","High elevation","Random","Dispersal","Low connectance","LRA",18.7285714285714
"1_6_6","High elevation","Clumped","Cluster","Low connectance","LC",25.6142857142857
"1_6_7","High elevation","Regular","Dispersal","No connectance","NRE",23.2571428571428
"1_6_8","High elevation","Random","Dispersal","No connectance","NRA",29.5428571428571
"1_6_9","High elevation","Clumped","Cluster","No connectance","NC",23.7285714285714
"2_1_1","Low elevation","Regular","Dispersal","High connectance","HRE",12.5
"2_1_2","Low elevation","Random","Dispersal","High connectance","HRA",2.83783783783784
"2_1_3","Low elevation","Clumped","Cluster","High connectance","HC",19.3243243243243
"2_1_4","Low elevation","Regular","Dispersal","Low connectance","LRE",17.6285714285714
"2_1_5","Low elevation","Random","Dispersal","Low connectance","LRA",23.4428571428571
"2_1_6","Low elevation","Clumped","Cluster","Low connectance","LC",26.6
"2_1_7","Low elevation","Regular","Dispersal","No connectance","NRE",40.9857142857143
"2_1_8","Low elevation","Random","Dispersal","No connectance","NRA",30.7571428571428
"2_1_9","Low elevation","Clumped","Cluster","No connectance","NC",13.0714285714286
"2_2_1","Low elevation","Regular","Dispersal","High connectance","HRE",13.7972972972973
"2_2_2","Low elevation","Random","Dispersal","High connectance","HRA",18.8243243243243
"2_2_3","Low elevation","Clumped","Cluster","High connectance","HC",18.0675675675676
"2_2_4","Low elevation","Regular","Dispersal","Low connectance","LRE",24.5
"2_2_5","Low elevation","Random","Dispersal","Low connectance","LRA",32.0285714285714
"2_2_6","Low elevation","Clumped","Cluster","Low connectance","LC",23.4285714285714
"2_2_7","Low elevation","Regular","Dispersal","No connectance","NRE",27.6428571428571
"2_2_8","Low elevation","Random","Dispersal","No connectance","NRA",33.8714285714286
"2_2_9","Low elevation","Clumped","Cluster","No connectance","NC",27.9428571428571
"2_3_1","Low elevation","Regular","Dispersal","High connectance","HRE",23.472972972973
"2_3_2","Low elevation","Random","Dispersal","High connectance","HRA",19.3513513513514
"2_3_3","Low elevation","Clumped","Cluster","High connectance","HC",22.3648648648649
"2_3_4","Low elevation","Regular","Dispersal","Low connectance","LRE",39.5571428571429
"2_3_5","Low elevation","Random","Dispersal","Low connectance","LRA",29.4714285714286
"2_3_6","Low elevation","Clumped","Cluster","Low connectance","LC",21.5
"2_3_7","Low elevation","Regular","Dispersal","No connectance","NRE",26.5
"2_3_8","Low elevation","Random","Dispersal","No connectance","NRA",19.0285714285714
"2_3_9","Low elevation","Clumped","Cluster","No connectance","NC",20.9857142857143
"2_4_1","Low elevation","Regular","Dispersal","High connectance","HRE",23.2
"2_4_2","Low elevation","Random","Dispersal","High connectance","HRA",28.5285714285714
"2_4_3","Low elevation","Clumped","Cluster","High connectance","HC",24.3571428571429
"2_4_4","Low elevation","Regular","Dispersal","Low connectance","LRE",33.2857142857143
"2_4_5","Low elevation","Random","Dispersal","Low connectance","LRA",21.4857142857143
"2_4_6","Low elevation","Clumped","Cluster","Low connectance","LC",27.0285714285714
"2_4_7","Low elevation","Regular","Dispersal","No connectance","NRE",33.7571428571429
"2_4_8","Low elevation","Random","Dispersal","No connectance","NRA",29.6714285714286
"2_4_9","Low elevation","Clumped","Cluster","No connectance","NC",18.3285714285714
"2_5_1","Low elevation","Regular","Dispersal","High connectance","HRE",12.8857142857143
"2_5_2","Low elevation","Random","Dispersal","High connectance","HRA",21.8857142857143
"2_5_3","Low elevation","Clumped","Cluster","High connectance","HC",17.9428571428571
"2_5_4","Low elevation","Regular","Dispersal","Low connectance","LRE",24.3108108108108
"2_5_5","Low elevation","Random","Dispersal","Low connectance","LRA",17.2857142857143
"2_5_6","Low elevation","Clumped","Cluster","Low connectance","LC",23.3714285714286
"2_5_7","Low elevation","Regular","Dispersal","No connectance","NRE",21.7285714285714
"2_5_8","Low elevation","Random","Dispersal","No connectance","NRA",21.9428571428571
"2_5_9","Low elevation","Clumped","Cluster","No connectance","NC",18.8428571428571
"2_6_1","Low elevation","Regular","Dispersal","High connectance","HRE",8.74324324324324
"2_6_2","Low elevation","Random","Dispersal","High connectance","HRA",8.77142857142857
"2_6_3","Low elevation","Clumped","Cluster","High connectance","HC",9.31428571428571
"2_6_4","Low elevation","Regular","Dispersal","Low connectance","LRE",25.6142857142857
"2_6_5","Low elevation","Random","Dispersal","Low connectance","LRA",21.3571428571429
"2_6_6","Low elevation","Clumped","Cluster","Low connectance","LC",14.4
"2_6_7","Low elevation","Regular","Dispersal","No connectance","NRE",15.4
"2_6_8","Low elevation","Random","Dispersal","No connectance","NRA",17.8
"2_6_9","Low elevation","Clumped","Cluster","No connectance","NC",13.1714285714286
