"Site","Elevation","Pattern","Configuration","Connectance","Connectance_Pattern","Slope"
"1_1_1","High elevation","Regular","Dispersal","High connectance","HRE",12.5
"1_1_2","High elevation","Random","Dispersal","High connectance","HRA",11
"1_1_3","High elevation","Clumped","Cluster","High connectance","HC",-5.1
"1_1_4","High elevation","Regular","Dispersal","Low connectance","LRE",45.7
"1_1_5","High elevation","Random","Dispersal","Low connectance","LRA",28.1
"1_1_6","High elevation","Clumped","Cluster","Low connectance","LC",16.8
"1_1_7","High elevation","Regular","Dispersal","No connectance","NRE",27.6
"1_1_8","High elevation","Random","Dispersal","No connectance","NRA",32.6
"1_1_9","High elevation","Clumped","Cluster","No connectance","NC",8
"1_2_1","High elevation","Regular","Dispersal","High connectance","HRE",8.6
"1_2_2","High elevation","Random","Dispersal","High connectance","HRA",12
"1_2_3","High elevation","Clumped","Cluster","High connectance","HC",7.4
"1_2_4","High elevation","Regular","Dispersal","Low connectance","LRE",25
"1_2_5","High elevation","Random","Dispersal","Low connectance","LRA",18.2
"1_2_6","High elevation","Clumped","Cluster","Low connectance","LC",20.1
"1_2_7","High elevation","Regular","Dispersal","No connectance","NRE",16.9
"1_2_8","High elevation","Random","Dispersal","No connectance","NRA",28.1
"1_2_9","High elevation","Clumped","Cluster","No connectance","NC",14.5
"1_3_1","High elevation","Regular","Dispersal","High connectance","HRE",-5.1
"1_3_2","High elevation","Random","Dispersal","High connectance","HRA",-7.78571428571429
"1_3_3","High elevation","Clumped","Cluster","High connectance","HC",-7
"1_3_4","High elevation","Regular","Dispersal","Low connectance","LRE",21.4
"1_3_5","High elevation","Random","Dispersal","Low connectance","LRA",19
"1_3_6","High elevation","Clumped","Cluster","Low connectance","LC",18.3
"1_3_7","High elevation","Regular","Dispersal","No connectance","NRE",28.2
"1_3_8","High elevation","Random","Dispersal","No connectance","NRA",29.5
"1_3_9","High elevation","Clumped","Cluster","No connectance","NC",1.1
"1_4_1","High elevation","Regular","Dispersal","High connectance","HRE",8
"1_4_2","High elevation","Random","Dispersal","High connectance","HRA",5.8
"1_4_3","High elevation","Clumped","Cluster","High connectance","HC",8.3
"1_4_4","High elevation","Regular","Dispersal","Low connectance","LRE",22.1
"1_4_5","High elevation","Random","Dispersal","Low connectance","LRA",15
"1_4_6","High elevation","Clumped","Cluster","Low connectance","LC",13.8
"1_4_7","High elevation","Regular","Dispersal","No connectance","NRE",25.5
"1_4_8","High elevation","Random","Dispersal","No connectance","NRA",16.9
"1_4_9","High elevation","Clumped","Cluster","No connectance","NC",9.6
"1_5_1","High elevation","Regular","Dispersal","High connectance","HRE",10.4
"1_5_2","High elevation","Random","Dispersal","High connectance","HRA",12.6
"1_5_3","High elevation","Clumped","Cluster","High connectance","HC",-0.199999999999999
"1_5_4","High elevation","Regular","Dispersal","Low connectance","LRE",21.6
"1_5_5","High elevation","Random","Dispersal","Low connectance","LRA",16.8
"1_5_6","High elevation","Clumped","Cluster","Low connectance","LC",8.00000000000001
"1_5_7","High elevation","Regular","Dispersal","No connectance","NRE",8.9
"1_5_8","High elevation","Random","Dispersal","No connectance","NRA",8.7
"1_5_9","High elevation","Clumped","Cluster","No connectance","NC",17.9
"1_6_1","High elevation","Regular","Dispersal","High connectance","HRE",5.4
"1_6_2","High elevation","Random","Dispersal","High connectance","HRA",5.6
"1_6_3","High elevation","Clumped","Cluster","High connectance","HC",3
"1_6_4","High elevation","Regular","Dispersal","Low connectance","LRE",29.8
"1_6_5","High elevation","Random","Dispersal","Low connectance","LRA",25.6
"1_6_6","High elevation","Clumped","Cluster","Low connectance","LC",12.8
"1_6_7","High elevation","Regular","Dispersal","No connectance","NRE",36.2
"1_6_8","High elevation","Random","Dispersal","No connectance","NRA",23.3
"1_6_9","High elevation","Clumped","Cluster","No connectance","NC",14.5
"2_1_1","Low elevation","Regular","Dispersal","High connectance","HRE",1.2
"2_1_2","Low elevation","Random","Dispersal","High connectance","HRA",3.1
"2_1_3","Low elevation","Clumped","Cluster","High connectance","HC",4.4
"2_1_4","Low elevation","Regular","Dispersal","Low connectance","LRE",18.9
"2_1_5","Low elevation","Random","Dispersal","Low connectance","LRA",20.5
"2_1_6","Low elevation","Clumped","Cluster","Low connectance","LC",9.6
"2_1_7","Low elevation","Regular","Dispersal","No connectance","NRE",26.8
"2_1_8","Low elevation","Random","Dispersal","No connectance","NRA",22.5
"2_1_9","Low elevation","Clumped","Cluster","No connectance","NC",5.5
"2_2_1","Low elevation","Regular","Dispersal","High connectance","HRE",6.1
"2_2_2","Low elevation","Random","Dispersal","High connectance","HRA",9.3
"2_2_3","Low elevation","Clumped","Cluster","High connectance","HC",6.1
"2_2_4","Low elevation","Regular","Dispersal","Low connectance","LRE",16.3
"2_2_5","Low elevation","Random","Dispersal","Low connectance","LRA",20.7
"2_2_6","Low elevation","Clumped","Cluster","Low connectance","LC",6.8
"2_2_7","Low elevation","Regular","Dispersal","No connectance","NRE",20.9
"2_2_8","Low elevation","Random","Dispersal","No connectance","NRA",24.1
"2_2_9","Low elevation","Clumped","Cluster","No connectance","NC",16.3
"2_3_1","Low elevation","Regular","Dispersal","High connectance","HRE",14.2
"2_3_2","Low elevation","Random","Dispersal","High connectance","HRA",7.6
"2_3_3","Low elevation","Clumped","Cluster","High connectance","HC",9.2
"2_3_4","Low elevation","Regular","Dispersal","Low connectance","LRE",25.7
"2_3_5","Low elevation","Random","Dispersal","Low connectance","LRA",30.4
"2_3_6","Low elevation","Clumped","Cluster","Low connectance","LC",8.6
"2_3_7","Low elevation","Regular","Dispersal","No connectance","NRE",25.6
"2_3_8","Low elevation","Random","Dispersal","No connectance","NRA",16.5
"2_3_9","Low elevation","Clumped","Cluster","No connectance","NC",14.7
"2_4_1","Low elevation","Regular","Dispersal","High connectance","HRE",1.7
"2_4_2","Low elevation","Random","Dispersal","High connectance","HRA",7.8
"2_4_3","Low elevation","Clumped","Cluster","High connectance","HC",8.4
"2_4_4","Low elevation","Regular","Dispersal","Low connectance","LRE",17.1
"2_4_5","Low elevation","Random","Dispersal","Low connectance","LRA",6.1
"2_4_6","Low elevation","Clumped","Cluster","Low connectance","LC",8.3
"2_4_7","Low elevation","Regular","Dispersal","No connectance","NRE",22.1
"2_4_8","Low elevation","Random","Dispersal","No connectance","NRA",18.3
"2_4_9","Low elevation","Clumped","Cluster","No connectance","NC",11.1
"2_5_1","Low elevation","Regular","Dispersal","High connectance","HRE",-0.799999999999999
"2_5_2","Low elevation","Random","Dispersal","High connectance","HRA",3.2
"2_5_3","Low elevation","Clumped","Cluster","High connectance","HC",6.3
"2_5_4","Low elevation","Regular","Dispersal","Low connectance","LRE",8.7
"2_5_5","Low elevation","Random","Dispersal","Low connectance","LRA",11.9
"2_5_6","Low elevation","Clumped","Cluster","Low connectance","LC",5
"2_5_7","Low elevation","Regular","Dispersal","No connectance","NRE",21.7
"2_5_8","Low elevation","Random","Dispersal","No connectance","NRA",22.7
"2_5_9","Low elevation","Clumped","Cluster","No connectance","NC",10.6
"2_6_1","Low elevation","Regular","Dispersal","High connectance","HRE",-1.1
"2_6_2","Low elevation","Random","Dispersal","High connectance","HRA",4.5
"2_6_3","Low elevation","Clumped","Cluster","High connectance","HC",-1.7
"2_6_4","Low elevation","Regular","Dispersal","Low connectance","LRE",23.4
"2_6_5","Low elevation","Random","Dispersal","Low connectance","LRA",15.4
"2_6_6","Low elevation","Clumped","Cluster","Low connectance","LC",5.4
"2_6_7","Low elevation","Regular","Dispersal","No connectance","NRE",16.9
"2_6_8","Low elevation","Random","Dispersal","No connectance","NRA",17.1
"2_6_9","Low elevation","Clumped","Cluster","No connectance","NC",1.3
